[
    {"number": 23, "name": "강승호"},
    {"number": 34, "name": "권민석"},
    {"number": 10, "name": "김민혁"},
    {"number": 52, "name": "김재호"},
    {"number": 14, "name": "박계범"},
    {"number": 9, "name": "박준영"},
    {"number": 2, "name": "박지훈"},
    {"number": 16, "name": "서예일"},
    {"number": 53, "name": "양석환"},
    {"number": 5, "name": "여동건"},
    {"number": 6, "name": "오명진"},
    {"number": 7, "name": "이유찬"},
    {"number": 36, "name": "임종성"},
    {"number": 15, "name": "전민재"},
    {"number": 13, "name": "허경민"},
    {"number": 45, "name": "김기연"},
    {"number": 20, "name": "안승한"},
    {"number": 25, "name": "양의지"},
    {"number": 67, "name": "윤준호"},
    {"number": 22, "name": "장승현"},
    {"number": 37, "name": "김대한"},
    {"number": 102, "name": "김문수"},
    {"number": 33, "name": "김인태"},
    {"number": 32, "name": "김재환"},
    {"number": 8, "name": "김태근"},
    {"number": 4, "name": "라모스"},
    {"number": 57, "name": "양찬열"},
    {"number": 58, "name": "전다민"},
    {"number": 31, "name": "정수빈"},
    {"number": 51, "name": "조수행"},
    {"number": 44, "name": "홍성호"}
]