[
    {"number": 47, "name": "곽빈"},
    {"number": 66, "name": "김도윤"},
    {"number": 27, "name": "김강률"},
    {"number": 41, "name": "김동주"},
    {"number": 46, "name": "김명신"},
    {"number": 19, "name": "김민규"},
    {"number": 62, "name": "김유성"},
    {"number": 30, "name": "김정우"},
    {"number": 63, "name": "김택연"},
    {"number": 56, "name": "김호준"},
    {"number": 18, "name": "박소준"},
    {"number": 49, "name": "박신지"},
    {"number": 12, "name": "박정수"},
    {"number": 1, "name": "박치국"},
    {"number": 69, "name": "백승우"},
    {"number": 48, "name": "브랜든"},
    {"number": 43, "name": "알칸타라"},
    {"number": 99, "name": "이교훈"},
    {"number": 29, "name": "이병헌"},
    {"number": 55, "name": "이승진"},
    {"number": 50, "name": "이영하"},
    {"number": 64, "name": "이원재"},
    {"number": 65, "name": "정철원"},
    {"number": 28, "name": "최승용"},
    {"number": 61, "name": "최원준"},
    {"number": 40, "name": "최종인"},
    {"number": 59, "name": "최준호"},
    {"number": 42, "name": "최지강"},
    {"number": 17, "name": "홍건희"}
]